1,Lokesh1,Balajiupdate,lokeshbalaji168@gmail.com,06-08-1996,1
2,Lokesh2,Balajiupdate,lokeshbalaji268@gmail.com,06-08-1996,2
3,Lokesh3,Balajiupdate,lokeshbalaji368@gmail.com,06-08-1996,3
4,Lokesh4,Balajiupdate,lokeshbalaji684@gmail.com,06-08-1996,4
5,Lokesh5,Balajiupdate,lokeshbalaji685@gmail.com,06-08-1996,5
6,Lokesh6,Balajiupdate,lokeshbalaji686@gmail.com,06-08-1996,6
7,Lokesh7,Balajiupdate,lokeshbalaji687@gmail.com,06-08-1996,7
8,Lokesh8,Balajiupdate,lokeshbalaji688@gmail.com,06-08-1996,8
9,Lokesh9,Balajiupdate,lokeshbalaji689@gmail.com,06-08-1996,9
10,Lokesh10,Balaji,lokeshbalajiupdate6810@gmail.com,06-09-1996,10
11,Lokesh11,Balaji,lokeshbalajiupdate6811@gmail.com,06-09-1996,11
12,Lokesh12,Balaji,lokeshbalajiupdate6812@gmail.com,06-09-1996,12
13,Lokesh13,Balaji,lokeshbalajiupdate6813@gmail.com,06-09-1996,13
14,Lokesh14,Balaji,lokeshbalajiupdate6814@gmail.com,06-09-1996,14
15,Lokesh15,Balaji,lokeshbalajiupdate6815@gmail.com,06-09-1996,15
16,Lokeshupdate,Balaji,lokeshbalaji6816@gmail.com,06-10-1996,16
17,Lokeshupdate,Balaji,lokeshbalaji6817@gmail.com,06-10-1996,17
18,Lokeshupdate,Balaji,lokeshbalaji6818@gmail.com,06-10-1996,18
19,Lokeshupdate,Balaji,lokeshbalaji6819@gmail.com,06-10-1996,19
20,Lokeshupdate,Balaji,lokeshbalaji6820@gmail.com,06-10-1996,20
21,Lokeshupdate,Balaji,lokeshbalaji6821@gmail.com,06-10-1996,21
22,Lokeshupdate,Balaji,lokeshbalaji6822@gmail.com,06-10-1996,22
23,Lokeshupdate,Balaji,lokeshbalaji6823@gmail.com,06-10-1996,23