[{
	"id" : 1,
	"firstName" : "Lokesh",
	"lastName" : "Balaji",
	"email" : "lokeshbalaji68@gmail.com",
  "address": { "id" : 1,
                "street" : "Hassan khan street",
                "city" : "chittoor",
                "postalCode" : 517001},
	"dob" : "1996-08-06"
},{
	"id" : 2,
	"firstName" : "Lokesh",
	"lastName" : "Balaji",
	"email" : "lokeshbalaji68@gmail.com",
  "address": { "id" : 2,
                "street" : "Hassan khan street",
                "city" : "chittoor",
                "postalCode" : 517001},
	"dob" : "1996-08-06"
},{
	"id" : 3,
	"firstName" : "Lokesh",
	"lastName" : "Balaji",
	"email" : "lokeshbalaji68@gmail.com",
  "address": { "id" : 3,
                "street" : "Hassan khan street",
                "city" : "chittoor",
                "postalCode" : 517001},
	"dob" : "1996-08-06"
},{
	"id" : 4,
	"firstName" : "Lokesh",
	"lastName" : "Balaji",
	"email" : "lokeshbalaji68@gmail.com",
  "address": { "id" : 4,
                "street" : "Hassan khan street",
                "city" : "chittoor",
                "postalCode" : 517001},
	"dob" : "1996-08-06"
}]
