<?xml version="1.0" encoding="UTF-8"?>
<!DOCTYPE log4j:configuration SYSTEM "log4j.dtd">
<log4j:configuration xmlns:log4j="http://jakarta.apache.org/log4j/"
    debug="false">

<!-- console appender -->
<appender name="console" class="org.apache.log4j.ConsoleAppender">
    <param name="Target" value="System.out" />
    <layout class="org.apache.log4j.PatternLayout">
        <param name="ConversionPattern" value="%-5p %c{1} - %m%n" />
    </layout>
    <filter class="org.apache.log4j.varia.LevelMatchFilter">
        <param name="LevelToMatch" value="INFO" />
        <param name="AcceptOnMatch" value="true" />
    </filter>
    <filter class="org.apache.log4j.varia.DenyAllFilter"/>
</appender>


<logger name="com.journaldev.log4j" additivity="false">
    <level value="DEBUG" />
    <appender-ref ref="console" />
</logger>

<root>
    <priority value="DEBUG" />
    <appender-ref ref="console" />
</root>

</log4j:configuration>
