[{
	"id" : 1,
	"firstName" : "Lokesh",
	"lastName" : "Balaji",
	"email" : "lokeshbalaji68@gmail.com",
	"dob" : "07/08/1996"
},{
	"id" : 2,
	"firstName" : "Lokesh",
	"lastName" : "Balaji",
	"email" : "lokeshbalaji68@gmail.com",
	"dob" : "07/08/1996"
},{
	"id" : 3,
	"firstName" : "Lokesh",
	"lastName" : "Balaji",
	"email" : "lokeshbalaji68@gmail.com",
	"dob" : "07/08/1996"
},{
	"id" : 4,
	"firstName" : "Lokesh",
	"lastName" : "Balaji",
	"email" : "lokeshbalaji68@gmail.com",
	"dob" : "07/08/1996"
}]
