1,Kissan khan1 Street,Mittoor,517001
2,Kissan khan2 Street,Mittoor,517001
3,Kissan khan3 Street,Mittoor,517001
4,Kissan khan4 Street,Mittoor,517001
5,Kissan khan5 Street,Mittoor,517001
6,Kissan khan6 Street,Mittoor,517001
7,Kissan khan7 Street,Mittoor,517001
8,Kissan khan8 Street,Mittoor,517001
9,Kissan khan9 Street,Mittoor,517001
10,Hassan1 khan Street,chittoor,517001
11,Hassan1 khan Street,chittoor,517002
12,Hassan1 khan Street,chittoor,517003
13,Hassan1 khan Street,chittoor,517004
14,Hassan1 khan Street,chittoor,517005
15,Hassan1 khan Street,chittoor,517006
16,Hassan1 khan Street,chittoor,517007
17,Hassan1 khan Street,chittoor,517008
18,Hassan1 khan Street,chittoor,517009
19,Hassan1 khan Street,chittoor,517011
20,Hassan1 khan Street,chittoor,517012
21,Hassan1 khan Street,chittoor,517013
22,Hassan1 khan Street,chittoor,517014
23,Hassan1 khan Street,chittoor,517015