Lokesh1,Balaji,lokeshbalaji168@gmail.com,06-08-1996,1
Lokesh2,Balaji,lokeshbalaji268@gmail.com,06-08-1996,2
Lokesh3,Balaji,lokeshbalaji368@gmail.com,06-08-1996,3
Lokesh4,Balaji,lokeshbalaji684@gmail.com,06-08-1996,4
Lokesh5,Balaji,lokeshbalaji685@gmail.com,06-08-1996,5
Lokesh6,Balaji,lokeshbalaji686@gmail.com,06-08-1996,6
Lokesh7,Balaji,lokeshbalaji687@gmail.com,06-08-1996,7
Lokesh8,Balaji,lokeshbalaji688@gmail.com,06-08-1996,8
Lokesh9,Balaji,lokeshbalaji689@gmail.com,06-08-1996,9
Lokesh10,Balaji,lokeshbalaji6810@gmail.com,06-09-1996,10
Lokesh11,Balaji,lokeshbalaji6811@gmail.com,06-09-1996,11
Lokesh12,Balaji,lokeshbalaji6812@gmail.com,06-09-1996,12
Lokesh13,Balaji,lokeshbalaji6813@gmail.com,06-09-1996,13
Lokesh14,Balaji,lokeshbalaji6814@gmail.com,06-09-1996,14
Lokesh15,Balaji,lokeshbalaji6815@gmail.com,06-09-1996,15
Lokesh16,Balaji,lokeshbalaji6816@gmail.com,06-09-1996,16
Lokesh17,Balaji,lokeshbalaji6817@gmail.com,06-09-1996,17
Lokesh18,Balaji,lokeshbalaji6818@gmail.com,06-09-1996,18
Lokesh19,Balaji,lokeshbalaji6819@gmail.com,06-09-1996,19
Lokesh20,Balaji,lokeshbalaji6820@gmail.com,06-09-1996,20
Lokesh21,Balaji,lokeshbalaji6821@gmail.com,06-09-1996,21
Lokesh22,Balaji,lokeshbalaji6822@gmail.com,06-09-1996,22
Lokesh23,Balaji,lokeshbalaji6823@gmail.com,06-09-1996,23