1,Lokesh1,Balaji,lokeshbalaji168@gmail.com,06-08-1996,1
2,Lokesh2,Balaji,lokeshbalaji268@gmail.com,06-08-1996,2
3,Lokesh3,Balaji,lokeshbalaji368@gmail.com,06-08-1996,3
4,Lokesh4,Balaji,lokeshbalaji684@gmail.com,06-08-1996,4
5,Lokesh5,Balaji,lokeshbalaji685@gmail.com,06-08-1996,5
6,Lokesh6,Balaji,lokeshbalaji686@gmail.com,06-08-1996,6
7,Lokesh7,Balaji,lokeshbalaji687@gmail.com,06-08-1996,7
8,Lokesh8,Balaji,lokeshbalaji688@gmail.com,06-08-1996,8
9,Lokesh9,Balaji,lokeshbalaji689@gmail.com,06-08-1996,9
10,Lokesh10,Balaji,lokeshbalaji6810@gmail.com,06-09-1996,10
11,Lokesh11,Balaji,lokeshbalaji6811@gmail.com,06-09-1996,11
12,Lokesh12,Balaji,lokeshbalaji6812@gmail.com,06-09-1996,12
13,Lokesh13,Balaji,lokeshbalaji6813@gmail.com,06-09-1996,13
14,Lokesh14,Balaji,lokeshbalaji6814@gmail.com,06-09-1996,14
15,Lokesh15,Balaji,lokeshbalaji6815@gmail.com,06-09-1996,15
16,Lokesh16,Balaji,lokeshbalaji6816@gmail.com,06-09-1996,16
17,Lokesh17,Balaji,lokeshbalaji6817@gmail.com,06-09-1996,17
18,Lokesh18,Balaji,lokeshbalaji6818@gmail.com,06-09-1996,18
19,Lokesh19,Balaji,lokeshbalaji6819@gmail.com,06-09-1996,19
20,Lokesh20,Balaji,lokeshbalaji6820@gmail.com,06-09-1996,20
21,Lokesh21,Balaji,lokeshbalaji6821@gmail.com,06-09-1996,21
22,Lokesh22,Balaji,lokeshbalaji6822@gmail.com,06-09-1996,22
23,Lokesh23,Balaji,lokeshbalaji6823@gmail.com,06-09-1996,23